{
  "indexes": [
    {
      "collectionGroup": "concentrations",
      "queryScope": "COLLECTION",
      "fields": [
        {
          "fieldPath": "user",
          "order": "ASCENDING"
        },
        {
          "fieldPath": "timestamp",
          "order": "DESCENDING"
        }
      ]
    },
    {
      "collectionGroup": "concentrations",
      "queryScope": "COLLECTION",
      "fields": [
        {
          "fieldPath": "user",
          "order": "ASCENDING"
        },
        {
          "fieldPath": "timestamp",
          "order": "ASCENDING"
        }
      ]
    },
    {
      "collectionGroup": "dose",
      "queryScope": "COLLECTION",
      "fields": [
        {
          "fieldPath": "user",
          "order": "ASCENDING"
        },
        {
          "fieldPath": "doseTimestamp",
          "order": "DESCENDING"
        }
      ]
    }
  ]
}