{
  "project_info": {
    "project_number": "273063935726",
    "project_id": "swengineering-34e0a",
    "storage_bucket": "swengineering-34e0a.firebasestorage.app"
  },
  "client": [
    {
      "client_info": {
        "mobilesdk_app_id": "1:273063935726:android:2327f8bc749597bfb37dff",
        "android_client_info": {
          "package_name": "com.mycompany.g01se"
        }
      },
      "oauth_client": [
        {
          "client_id": "273063935726-n1cj6pphtbv9dud8j80ji83svvqqp2ra.apps.googleusercontent.com",
          "client_type": 1,
          "android_info": {
            "package_name": "com.mycompany.g01se",
            "certificate_hash": "9bbb3186b2189ef16d8f272bdab59362c395cbb4"
          }
        },
        {
          "client_id": "273063935726-ftbsi6113lrb6610emfmep8si5bfrqc2.apps.googleusercontent.com",
          "client_type": 3
        }
      ],
      "api_key": [
        {
          "current_key": "AIzaSyD8EFsDaco9f9IQn2T1AW6OVybu8nTpHYA"
        }
      ],
      "services": {
        "appinvite_service": {
          "other_platform_oauth_client": [
            {
              "client_id": "273063935726-ftbsi6113lrb6610emfmep8si5bfrqc2.apps.googleusercontent.com",
              "client_type": 3
            },
            {
              "client_id": "273063935726-tmepsngq8q7n8ikij4gk99s22je2lg6l.apps.googleusercontent.com",
              "client_type": 2,
              "ios_info": {
                "bundle_id": "com.mycompany.g01se"
              }
            }
          ]
        }
      }
    }
  ],
  "configuration_version": "1"
}